model,best_threshold_tuned_on_train,f1_score_on_test_with_tuned_threshold,train_accuracy,test_accuracy,precision,recall,f1_score,roc_auc_score,average_precision_score
LogisticRegression,0.7623232323232323,0.7111111111111111,0.9742857142857144,0.9395348837209302,0.64,0.8,0.7111111111111111,0.9392307692307692,0.5486707768013961
RandomForestClassifier,0.693030303030303,0.8205128205128205,0.9771428571428572,0.9674418604651164,0.8421052631578947,0.8,0.8205128205128205,0.9296153846153844,0.771769322900985
Bagging_Classifier,0.7722222222222221,0.8421052631578947,0.9714285714285714,0.972093023255814,0.8888888888888888,0.8,0.8421052631578947,0.9297435897435896,0.864101811373136
XGBClassifier,0.7821212121212121,0.8648648648648649,0.9828571428571428,0.9767441860465116,0.9411764705882352,0.8,0.8648648648648649,0.9464102564102564,0.8631917088433317
SVC,0.6039393939393939,0.7659574468085106,0.9771428571428572,0.9488372093023256,0.6666666666666666,0.9,0.7659574468085106,0.9614102564102563,0.7347029916515244
KNeighborsClassifier,0.7227272727272727,0.782608695652174,0.9857142857142858,0.9534883720930232,0.6923076923076923,0.9,0.782608695652174,0.9810256410256408,0.8245348922490192
VotingClassifier,0.8019191919191919,0.8292682926829268,0.9857142857142858,0.9674418604651163,0.8095238095238095,0.85,0.8292682926829268,0.9756410256410257,0.9112913578509556
