model,best_threshold_tuned_on_train,f1_score_on_test_with_tuned_threshold,train_accuracy,test_accuracy,precision,recall,f1_score,roc_auc_score,average_precision_score
LogisticRegression,0.6138383838383838,0.6037735849056604,0.9571428571428572,0.8727272727272727,0.4848484848484848,0.8,0.6037735849056604,0.9141379310344828,0.5609456120028191
RandomForestClassifier,0.6336363636363637,0.7317073170731707,0.9457142857142856,0.9333333333333332,0.7142857142857143,0.75,0.7317073170731707,0.9317241379310344,0.7857017519517518
Bagging_Classifier,0.6435353535353535,0.7804878048780488,0.94,0.9454545454545454,0.7619047619047619,0.8,0.7804878048780488,0.9434482758620688,0.7460204502663261
XGBClassifier,0.8712121212121212,0.7619047619047619,0.9857142857142858,0.9393939393939394,0.7272727272727273,0.8,0.7619047619047619,0.919310344827586,0.7940170355497638
SVC,0.6732323232323232,0.7368421052631579,0.9857142857142858,0.9393939393939394,0.7777777777777778,0.7,0.7368421052631579,0.9479310344827586,0.8107852502002117
VotingClassifier,0.7623232323232323,0.7894736842105263,0.9857142857142858,0.9515151515151515,0.8333333333333334,0.75,0.7894736842105263,0.9351724137931035,0.8122629730792197
